{
	"Credential": "cf",
	"CF": {
		"Target": "https://api.cf.us10-001.hana.ondemand.com",
		"Organization": "b197fc11-96bd-46e3-8be6-31f25791dcb4",
		"Space": "670bc0f4-a307-417b-bc7e-e08339b1a8bd",
		"Deploy": {
			"Destination": [],
			"Name": "ns.MDKDeepLink",
			"Version": "1.0.0",
			"AppRouter": "standalone",
			"WebClient": {
				"Runtime": "production",
				"URL": "https://mdk-webclient-runtime.cfapps.us10.hana.ondemand.com/runtime/"
			}
		}
	},
	"MobileService": {
		"AdminAPI": "https://mobile-service-cockpit-api.cfapps.us10.hana.ondemand.com/cockpit/v1/org/b197fc11-96bd-46e3-8be6-31f25791dcb4/space/670bc0f4-a307-417b-bc7e-e08339b1a8bd",
		"AppId": "com.sap.mdk.demo",
		"Destination": [],
		"Type": "standard"
	},
	"Onboarding": {
		"Schema": "sapmobilesvcs",
		"TimeZone": "UTC",
		"URL": ""
	},
	"Build": {
		"SourceMap": true,
		"TSTarget": "es6",
		"WMF": true
	}
}